"filename", "language", "JSON", "Java", "Markdown", "comment", "blank", "total"
"c:\Users\arisp\Documents\UML_Project\DEBGAINOUNTAUML\README.md", "Markdown", 0, 0, 2, 0, 1, 3
"c:\Users\arisp\Documents\UML_Project\DEBGAINOUNTAUML\UML\App\Controller\ControllerHandler.java", "Java", 0, 74, 0, 6, 29, 109
"c:\Users\arisp\Documents\UML_Project\DEBGAINOUNTAUML\UML\App\Controller\Controller_t.java", "Java", 0, 4, 0, 0, 3, 7
"c:\Users\arisp\Documents\UML_Project\DEBGAINOUNTAUML\UML\App\Controller\ScreenControllers\AccountCreationCon.java", "Java", 0, 114, 0, 11, 26, 151
"c:\Users\arisp\Documents\UML_Project\DEBGAINOUNTAUML\UML\App\Controller\ScreenControllers\AccountManagementCon.java", "Java", 0, 38, 0, 2, 8, 48
"c:\Users\arisp\Documents\UML_Project\DEBGAINOUNTAUML\UML\App\Controller\ScreenControllers\AccountSelectionCon.java", "Java", 0, 50, 0, 1, 15, 66
"c:\Users\arisp\Documents\UML_Project\DEBGAINOUNTAUML\UML\App\Controller\ScreenControllers\DashboardCon.java", "Java", 0, 139, 0, 1, 38, 178
"c:\Users\arisp\Documents\UML_Project\DEBGAINOUNTAUML\UML\App\Controller\ScreenControllers\DepositCon.java", "Java", 0, 65, 0, 7, 27, 99
"c:\Users\arisp\Documents\UML_Project\DEBGAINOUNTAUML\UML\App\Controller\ScreenControllers\FirstPageCon.java", "Java", 0, 37, 0, 0, 16, 53
"c:\Users\arisp\Documents\UML_Project\DEBGAINOUNTAUML\UML\App\Controller\ScreenControllers\LoginCon.java", "Java", 0, 86, 0, 4, 21, 111
"c:\Users\arisp\Documents\UML_Project\DEBGAINOUNTAUML\UML\App\Controller\ScreenControllers\MainFrameCon.java", "Java", 0, 41, 0, 4, 12, 57
"c:\Users\arisp\Documents\UML_Project\DEBGAINOUNTAUML\UML\App\Controller\ScreenControllers\MetaforaCon.java", "Java", 0, 146, 0, 30, 36, 212
"c:\Users\arisp\Documents\UML_Project\DEBGAINOUNTAUML\UML\App\Controller\ScreenControllers\PayBillCon.java", "Java", 0, 94, 0, 18, 31, 143
"c:\Users\arisp\Documents\UML_Project\DEBGAINOUNTAUML\UML\App\Controller\ScreenControllers\RegisterCompanyCon.java", "Java", 0, 65, 0, 6, 19, 90
"c:\Users\arisp\Documents\UML_Project\DEBGAINOUNTAUML\UML\App\Controller\ScreenControllers\RegisterIndividualCon.java", "Java", 0, 64, 0, 8, 20, 92
"c:\Users\arisp\Documents\UML_Project\DEBGAINOUNTAUML\UML\App\Controller\ScreenControllers\StandingOrdersCon.java", "Java", 0, 5, 0, 0, 4, 9
"c:\Users\arisp\Documents\UML_Project\DEBGAINOUNTAUML\UML\App\Controller\ScreenControllers\StatementCon.java", "Java", 0, 60, 0, 3, 24, 87
"c:\Users\arisp\Documents\UML_Project\DEBGAINOUNTAUML\UML\App\Controller\ScreenControllers\TypeSelectionCon.java", "Java", 0, 36, 0, 0, 14, 50
"c:\Users\arisp\Documents\UML_Project\DEBGAINOUNTAUML\UML\App\Controller\ScreenControllers\WithdrawCon.java", "Java", 0, 68, 0, 7, 25, 100
"c:\Users\arisp\Documents\UML_Project\DEBGAINOUNTAUML\UML\App\MainGUI.java", "Java", 0, 15, 0, 0, 9, 24
"c:\Users\arisp\Documents\UML_Project\DEBGAINOUNTAUML\UML\App\Model\BankServices.java", "Java", 0, 3, 0, 0, 3, 6
"c:\Users\arisp\Documents\UML_Project\DEBGAINOUNTAUML\UML\App\Model\DatabaseObjectConverter.java", "Java", 0, 80, 0, 5, 29, 114
"c:\Users\arisp\Documents\UML_Project\DEBGAINOUNTAUML\UML\App\Model\Database\TransactionDB.java", "Java", 0, 169, 0, 52, 50, 271
"c:\Users\arisp\Documents\UML_Project\DEBGAINOUNTAUML\UML\App\Model\Database\UserDB.java", "Java", 0, 243, 0, 30, 53, 326
"c:\Users\arisp\Documents\UML_Project\DEBGAINOUNTAUML\UML\App\Model\Entities\Misc\AuditLog.java", "Java", 0, 3, 0, 1, 2, 6
"c:\Users\arisp\Documents\UML_Project\DEBGAINOUNTAUML\UML\App\Model\Entities\OperationEntities\Bill.java", "Java", 0, 3, 0, 0, 3, 6
"c:\Users\arisp\Documents\UML_Project\DEBGAINOUNTAUML\UML\App\Model\Entities\OperationEntities\Deposit.java", "Java", 0, 6, 0, 1, 4, 11
"c:\Users\arisp\Documents\UML_Project\DEBGAINOUNTAUML\UML\App\Model\Entities\OperationEntities\Payment.java", "Java", 0, 3, 0, 0, 3, 6
"c:\Users\arisp\Documents\UML_Project\DEBGAINOUNTAUML\UML\App\Model\Entities\OperationEntities\StandingOrder.java", "Java", 0, 57, 0, 0, 27, 84
"c:\Users\arisp\Documents\UML_Project\DEBGAINOUNTAUML\UML\App\Model\Entities\OperationEntities\Statement.java", "Java", 0, 40, 0, 0, 28, 68
"c:\Users\arisp\Documents\UML_Project\DEBGAINOUNTAUML\UML\App\Model\Entities\OperationEntities\Transaction.java", "Java", 0, 55, 0, 5, 21, 81
"c:\Users\arisp\Documents\UML_Project\DEBGAINOUNTAUML\UML\App\Model\Entities\OperationEntities\Withdrawal.java", "Java", 0, 6, 0, 1, 4, 11
"c:\Users\arisp\Documents\UML_Project\DEBGAINOUNTAUML\UML\App\Model\Entities\UserEntities\Account.java", "Java", 0, 57, 0, 2, 15, 74
"c:\Users\arisp\Documents\UML_Project\DEBGAINOUNTAUML\UML\App\Model\Entities\UserEntities\Admin.java", "Java", 0, 3, 0, 0, 2, 5
"c:\Users\arisp\Documents\UML_Project\DEBGAINOUNTAUML\UML\App\Model\Entities\UserEntities\Company.java", "Java", 0, 17, 0, 0, 11, 28
"c:\Users\arisp\Documents\UML_Project\DEBGAINOUNTAUML\UML\App\Model\Entities\UserEntities\Customer.java", "Java", 0, 31, 0, 0, 8, 39
"c:\Users\arisp\Documents\UML_Project\DEBGAINOUNTAUML\UML\App\Model\Entities\UserEntities\Individual.java", "Java", 0, 27, 0, 0, 11, 38
"c:\Users\arisp\Documents\UML_Project\DEBGAINOUNTAUML\UML\App\Model\Entities\UserEntities\User.java", "Java", 0, 13, 0, 0, 8, 21
"c:\Users\arisp\Documents\UML_Project\DEBGAINOUNTAUML\UML\App\Model\ModelHandler.java", "Java", 0, 41, 0, 3, 16, 60
"c:\Users\arisp\Documents\UML_Project\DEBGAINOUNTAUML\UML\App\Model\Session.java", "Java", 0, 136, 0, 9, 40, 185
"c:\Users\arisp\Documents\UML_Project\DEBGAINOUNTAUML\UML\App\View\MainFrame.java", "Java", 0, 38, 0, 2, 19, 59
"c:\Users\arisp\Documents\UML_Project\DEBGAINOUNTAUML\UML\App\View\Screens\AccountCreationScreen.java", "Java", 0, 114, 0, 18, 32, 164
"c:\Users\arisp\Documents\UML_Project\DEBGAINOUNTAUML\UML\App\View\Screens\AccountManagementScreen.java", "Java", 0, 161, 0, 28, 40, 229
"c:\Users\arisp\Documents\UML_Project\DEBGAINOUNTAUML\UML\App\View\Screens\AccountSelectionScreen.java", "Java", 0, 66, 0, 4, 18, 88
"c:\Users\arisp\Documents\UML_Project\DEBGAINOUNTAUML\UML\App\View\Screens\BillPaymentScreen.java", "Java", 0, 138, 0, 24, 46, 208
"c:\Users\arisp\Documents\UML_Project\DEBGAINOUNTAUML\UML\App\View\Screens\DashboardScreen.java", "Java", 0, 181, 0, 18, 57, 256
"c:\Users\arisp\Documents\UML_Project\DEBGAINOUNTAUML\UML\App\View\Screens\DepositScreen.java", "Java", 0, 95, 0, 2, 19, 116
"c:\Users\arisp\Documents\UML_Project\DEBGAINOUNTAUML\UML\App\View\Screens\FirstPageScreen.java", "Java", 0, 132, 0, 7, 74, 213
"c:\Users\arisp\Documents\UML_Project\DEBGAINOUNTAUML\UML\App\View\Screens\LoginScreen.java", "Java", 0, 109, 0, 14, 31, 154
"c:\Users\arisp\Documents\UML_Project\DEBGAINOUNTAUML\UML\App\View\Screens\MetaforaScreen.java", "Java", 0, 122, 0, 13, 29, 164
"c:\Users\arisp\Documents\UML_Project\DEBGAINOUNTAUML\UML\App\View\Screens\RegisterCompanyScreen.java", "Java", 0, 90, 0, 12, 29, 131
"c:\Users\arisp\Documents\UML_Project\DEBGAINOUNTAUML\UML\App\View\Screens\RegisterIndividualScreen.java", "Java", 0, 135, 0, 20, 46, 201
"c:\Users\arisp\Documents\UML_Project\DEBGAINOUNTAUML\UML\App\View\Screens\StandingOrdersScreen.java", "Java", 0, 185, 0, 18, 47, 250
"c:\Users\arisp\Documents\UML_Project\DEBGAINOUNTAUML\UML\App\View\Screens\StatementsScreen.java", "Java", 0, 172, 0, 17, 44, 233
"c:\Users\arisp\Documents\UML_Project\DEBGAINOUNTAUML\UML\App\View\Screens\TypeSelectionScreen.java", "Java", 0, 82, 0, 12, 30, 124
"c:\Users\arisp\Documents\UML_Project\DEBGAINOUNTAUML\UML\App\View\Screens\WithdrawScreen.java", "Java", 0, 104, 0, 3, 24, 131
"c:\Users\arisp\Documents\UML_Project\DEBGAINOUNTAUML\UML\App\View\ViewHandler.java", "Java", 0, 143, 0, 0, 51, 194
"c:\Users\arisp\Documents\UML_Project\DEBGAINOUNTAUML\UML\App\View\ViewSession.java", "Java", 0, 42, 0, 4, 21, 67
"c:\Users\arisp\Documents\UML_Project\DEBGAINOUNTAUML\UML\App\View\ViewTests\TestMainPage.java", "Java", 0, 8, 0, 0, 6, 14
"c:\Users\arisp\Documents\UML_Project\DEBGAINOUNTAUML\UML\App\View\View_t.java", "Java", 0, 9, 0, 0, 3, 12
"c:\Users\arisp\Documents\UML_Project\DEBGAINOUNTAUML\UML\App\View\helper_classes\AccountCellRenderer.java", "Java", 0, 36, 0, 3, 9, 48
"c:\Users\arisp\Documents\UML_Project\DEBGAINOUNTAUML\UML\App\View\helper_classes\CustomFontLoader.java", "Java", 0, 16, 0, 0, 3, 19
"c:\Users\arisp\Documents\UML_Project\DEBGAINOUNTAUML\UML\App\View\helper_classes\FontLoader.java", "Java", 0, 20, 0, 5, 7, 32
"c:\Users\arisp\Documents\UML_Project\DEBGAINOUNTAUML\UML\App\View\helper_classes\OnClickEventHelper.java", "Java", 0, 23, 0, 27, 11, 61
"c:\Users\arisp\Documents\UML_Project\DEBGAINOUNTAUML\UML\App\View\helper_classes\OnFocusEventHelper.java", "Java", 0, 35, 0, 0, 5, 40
"c:\Users\arisp\Documents\UML_Project\DEBGAINOUNTAUML\UML\App\View\helper_classes\RoundedBorder.java", "Java", 0, 41, 0, 0, 14, 55
"c:\Users\arisp\Documents\UML_Project\DEBGAINOUNTAUML\UML\App\View\helper_classes\RoundedButton.java", "Java", 0, 32, 0, 13, 12, 57
"c:\Users\arisp\Documents\UML_Project\DEBGAINOUNTAUML\UML\App\View\helper_classes\RoundedImage.java", "Java", 0, 23, 0, 12, 11, 46
"c:\Users\arisp\Documents\UML_Project\DEBGAINOUNTAUML\UML\Utils\GlobalConsts.java", "Java", 0, 20, 0, 0, 6, 26
"c:\Users\arisp\Documents\UML_Project\DEBGAINOUNTAUML\accounts.json", "JSON", 569, 0, 0, 0, 1, 570
"c:\Users\arisp\Documents\UML_Project\DEBGAINOUNTAUML\transactions.json", "JSON", 331, 0, 0, 0, 1, 332
"Total", "-", 900, 4566, 2, 493, 1462, 7423